[{"model": "auth.permission", "pk": 1, "fields": {"name": "Can add log entry", "content_type": 1, "codename": "add_logentry"}}, {"model": "auth.permission", "pk": 2, "fields": {"name": "Can change log entry", "content_type": 1, "codename": "change_logentry"}}, {"model": "auth.permission", "pk": 3, "fields": {"name": "Can delete log entry", "content_type": 1, "codename": "delete_logentry"}}, {"model": "auth.permission", "pk": 4, "fields": {"name": "Can view log entry", "content_type": 1, "codename": "view_logentry"}}, {"model": "auth.permission", "pk": 5, "fields": {"name": "Can add permission", "content_type": 2, "codename": "add_permission"}}, {"model": "auth.permission", "pk": 6, "fields": {"name": "Can change permission", "content_type": 2, "codename": "change_permission"}}, {"model": "auth.permission", "pk": 7, "fields": {"name": "Can delete permission", "content_type": 2, "codename": "delete_permission"}}, {"model": "auth.permission", "pk": 8, "fields": {"name": "Can view permission", "content_type": 2, "codename": "view_permission"}}, {"model": "auth.permission", "pk": 9, "fields": {"name": "Can add group", "content_type": 3, "codename": "add_group"}}, {"model": "auth.permission", "pk": 10, "fields": {"name": "Can change group", "content_type": 3, "codename": "change_group"}}, {"model": "auth.permission", "pk": 11, "fields": {"name": "Can delete group", "content_type": 3, "codename": "delete_group"}}, {"model": "auth.permission", "pk": 12, "fields": {"name": "Can view group", "content_type": 3, "codename": "view_group"}}, {"model": "auth.permission", "pk": 13, "fields": {"name": "Can add content type", "content_type": 4, "codename": "add_contenttype"}}, {"model": "auth.permission", "pk": 14, "fields": {"name": "Can change content type", "content_type": 4, "codename": "change_contenttype"}}, {"model": "auth.permission", "pk": 15, "fields": {"name": "Can delete content type", "content_type": 4, "codename": "delete_contenttype"}}, {"model": "auth.permission", "pk": 16, "fields": {"name": "Can view content type", "content_type": 4, "codename": "view_contenttype"}}, {"model": "auth.permission", "pk": 17, "fields": {"name": "Can add session", "content_type": 5, "codename": "add_session"}}, {"model": "auth.permission", "pk": 18, "fields": {"name": "Can change session", "content_type": 5, "codename": "change_session"}}, {"model": "auth.permission", "pk": 19, "fields": {"name": "Can delete session", "content_type": 5, "codename": "delete_session"}}, {"model": "auth.permission", "pk": 20, "fields": {"name": "Can view session", "content_type": 5, "codename": "view_session"}}, {"model": "auth.permission", "pk": 21, "fields": {"name": "Can add категория", "content_type": 6, "codename": "add_productcategory"}}, {"model": "auth.permission", "pk": 22, "fields": {"name": "Can change категория", "content_type": 6, "codename": "change_productcategory"}}, {"model": "auth.permission", "pk": 23, "fields": {"name": "Can delete категория", "content_type": 6, "codename": "delete_productcategory"}}, {"model": "auth.permission", "pk": 24, "fields": {"name": "Can view категория", "content_type": 6, "codename": "view_productcategory"}}, {"model": "auth.permission", "pk": 25, "fields": {"name": "Can add product", "content_type": 7, "codename": "add_product"}}, {"model": "auth.permission", "pk": 26, "fields": {"name": "Can change product", "content_type": 7, "codename": "change_product"}}, {"model": "auth.permission", "pk": 27, "fields": {"name": "Can delete product", "content_type": 7, "codename": "delete_product"}}, {"model": "auth.permission", "pk": 28, "fields": {"name": "Can view product", "content_type": 7, "codename": "view_product"}}, {"model": "auth.permission", "pk": 29, "fields": {"name": "Can add user", "content_type": 8, "codename": "add_shopuser"}}, {"model": "auth.permission", "pk": 30, "fields": {"name": "Can change user", "content_type": 8, "codename": "change_shopuser"}}, {"model": "auth.permission", "pk": 31, "fields": {"name": "Can delete user", "content_type": 8, "codename": "delete_shopuser"}}, {"model": "auth.permission", "pk": 32, "fields": {"name": "Can view user", "content_type": 8, "codename": "view_shopuser"}}, {"model": "auth.permission", "pk": 33, "fields": {"name": "Can add basket", "content_type": 9, "codename": "add_basket"}}, {"model": "auth.permission", "pk": 34, "fields": {"name": "Can change basket", "content_type": 9, "codename": "change_basket"}}, {"model": "auth.permission", "pk": 35, "fields": {"name": "Can delete basket", "content_type": 9, "codename": "delete_basket"}}, {"model": "auth.permission", "pk": 36, "fields": {"name": "Can view basket", "content_type": 9, "codename": "view_basket"}}, {"model": "auth.permission", "pk": 37, "fields": {"name": "Can add association", "content_type": 10, "codename": "add_association"}}, {"model": "auth.permission", "pk": 38, "fields": {"name": "Can change association", "content_type": 10, "codename": "change_association"}}, {"model": "auth.permission", "pk": 39, "fields": {"name": "Can delete association", "content_type": 10, "codename": "delete_association"}}, {"model": "auth.permission", "pk": 40, "fields": {"name": "Can view association", "content_type": 10, "codename": "view_association"}}, {"model": "auth.permission", "pk": 41, "fields": {"name": "Can add code", "content_type": 11, "codename": "add_code"}}, {"model": "auth.permission", "pk": 42, "fields": {"name": "Can change code", "content_type": 11, "codename": "change_code"}}, {"model": "auth.permission", "pk": 43, "fields": {"name": "Can delete code", "content_type": 11, "codename": "delete_code"}}, {"model": "auth.permission", "pk": 44, "fields": {"name": "Can view code", "content_type": 11, "codename": "view_code"}}, {"model": "auth.permission", "pk": 45, "fields": {"name": "Can add nonce", "content_type": 12, "codename": "add_nonce"}}, {"model": "auth.permission", "pk": 46, "fields": {"name": "Can change nonce", "content_type": 12, "codename": "change_nonce"}}, {"model": "auth.permission", "pk": 47, "fields": {"name": "Can delete nonce", "content_type": 12, "codename": "delete_nonce"}}, {"model": "auth.permission", "pk": 48, "fields": {"name": "Can view nonce", "content_type": 12, "codename": "view_nonce"}}, {"model": "auth.permission", "pk": 49, "fields": {"name": "Can add user social auth", "content_type": 13, "codename": "add_usersocialauth"}}, {"model": "auth.permission", "pk": 50, "fields": {"name": "Can change user social auth", "content_type": 13, "codename": "change_usersocialauth"}}, {"model": "auth.permission", "pk": 51, "fields": {"name": "Can delete user social auth", "content_type": 13, "codename": "delete_usersocialauth"}}, {"model": "auth.permission", "pk": 52, "fields": {"name": "Can view user social auth", "content_type": 13, "codename": "view_usersocialauth"}}, {"model": "auth.permission", "pk": 53, "fields": {"name": "Can add partial", "content_type": 14, "codename": "add_partial"}}, {"model": "auth.permission", "pk": 54, "fields": {"name": "Can change partial", "content_type": 14, "codename": "change_partial"}}, {"model": "auth.permission", "pk": 55, "fields": {"name": "Can delete partial", "content_type": 14, "codename": "delete_partial"}}, {"model": "auth.permission", "pk": 56, "fields": {"name": "Can view partial", "content_type": 14, "codename": "view_partial"}}, {"model": "auth.permission", "pk": 57, "fields": {"name": "Can add shop user profile", "content_type": 15, "codename": "add_shopuserprofile"}}, {"model": "auth.permission", "pk": 58, "fields": {"name": "Can change shop user profile", "content_type": 15, "codename": "change_shopuserprofile"}}, {"model": "auth.permission", "pk": 59, "fields": {"name": "Can delete shop user profile", "content_type": 15, "codename": "delete_shopuserprofile"}}, {"model": "auth.permission", "pk": 60, "fields": {"name": "Can view shop user profile", "content_type": 15, "codename": "view_shopuserprofile"}}, {"model": "auth.permission", "pk": 61, "fields": {"name": "Can add заказ", "content_type": 16, "codename": "add_order"}}, {"model": "auth.permission", "pk": 62, "fields": {"name": "Can change заказ", "content_type": 16, "codename": "change_order"}}, {"model": "auth.permission", "pk": 63, "fields": {"name": "Can delete заказ", "content_type": 16, "codename": "delete_order"}}, {"model": "auth.permission", "pk": 64, "fields": {"name": "Can view заказ", "content_type": 16, "codename": "view_order"}}, {"model": "auth.permission", "pk": 65, "fields": {"name": "Can add order item", "content_type": 17, "codename": "add_orderitem"}}, {"model": "auth.permission", "pk": 66, "fields": {"name": "Can change order item", "content_type": 17, "codename": "change_orderitem"}}, {"model": "auth.permission", "pk": 67, "fields": {"name": "Can delete order item", "content_type": 17, "codename": "delete_orderitem"}}, {"model": "auth.permission", "pk": 68, "fields": {"name": "Can view order item", "content_type": 17, "codename": "view_orderitem"}}, {"model": "sessions.session", "pk": "ljm5fncdxp9tu5y66gobj9ubp5tddn0l", "fields": {"session_data": ".eJxVjMEOwiAQRP-FsyGA3VI8evcbyMIuUjWQlPZk_Hdp0oPOYQ7zZuYtPG5r9lvjxc8kLkKL028WMD657IAeWO5VxlrWZQ5yr8iDNnmrxK_r0f07yNhyXzt02pABrQCCsQOZM2oXUnKK2I3UnRRYnNQ0ctRdgWngmNgyaDDi8wXWPjf2:1kcwlA:kCBr4QfCeBYpiWRRGn_mfb_rWQlZxavcLSJw6102Nes", "expire_date": "2020-11-25T20:30:28.979Z"}}, {"model": "mainapp.productcategory", "pk": 1, "fields": {"name": "дом", "description": "отличная мебель для домашнего интерьера.", "is_active": true}}, {"model": "mainapp.productcategory", "pk": 2, "fields": {"name": "офис", "description": "стильная и надежная офисная мебель нового поколения.", "is_active": true}}, {"model": "mainapp.productcategory", "pk": 3, "fields": {"name": "модерн", "description": "мебель в стиле МОДЕРН подойдет для любого интерьера.", "is_active": true}}, {"model": "mainapp.productcategory", "pk": 4, "fields": {"name": "классика", "description": "классический стиль актуален в любые времена.", "is_active": true}}, {"model": "mainapp.product", "pk": 1, "fields": {"category": 1, "name": "комфорт 1", "image_small": "products_images/product-1-sm.png", "image_big": "products_images/product-1.png", "short_desc": "комфортный стул", "description": "подойдет для просмотра фильмов", "price": "2989.50", "quantity": 14, "is_active": true}}, {"model": "mainapp.product", "pk": 2, "fields": {"category": 2, "name": "стандарт", "image_small": "products_images/product-2-sm.png", "image_big": "products_images/product-2.png", "short_desc": "универсальное решение", "description": "подойдет для любого офиса", "price": "1895.25", "quantity": 11, "is_active": true}}, {"model": "mainapp.product", "pk": 3, "fields": {"category": 3, "name": "новинка", "image_small": "products_images/product-3-sm.png", "image_big": "products_images/product-3.png", "short_desc": "инновационный дизайн", "description": "нестандартное решение для современного интерьера", "price": "0.00", "quantity": 17, "is_active": true}}, {"model": "mainapp.product", "pk": 4, "fields": {"category": 4, "name": "венеция", "image_small": "products_images/product-4-sm.png", "image_big": "products_images/product-4.png", "short_desc": "классические формы", "description": "окунитесь в европейский комфорт", "price": "4147.51", "quantity": 17, "is_active": true}}, {"model": "mainapp.product", "pk": 5, "fields": {"category": 1, "name": "комфорт 2", "image_small": "products_images/product-5-sm.png", "image_big": "products_images/product-5.png", "short_desc": "очень комфортный стул", "description": "подойдет для общения с друзьями", "price": "0.00", "quantity": 17, "is_active": true}}, {"model": "mainapp.product", "pk": 6, "fields": {"category": 1, "name": "люкс", "image_small": "products_images/product-6-sm.png", "image_big": "products_images/product-6.png", "short_desc": "использованы премиальные материалы", "description": "для тех, кто стремится к лучшему", "price": "8157.99", "quantity": 18, "is_active": true}}, {"model": "mainapp.product", "pk": 7, "fields": {"category": 2, "name": "премиум", "image_small": "products_images/product-7-sm.png", "image_big": "products_images/product-7.png", "short_desc": "улучшенный дизайн", "description": "идеально впишется в строгий интерьер офиса", "price": "3587.41", "quantity": 17, "is_active": true}}, {"model": "mainapp.product", "pk": 8, "fields": {"category": 3, "name": "прогресс", "image_small": "products_images/product-8-sm.png", "image_big": "products_images/product-8.png", "short_desc": "прогрессивный дизайн", "description": "функциональное и комфортное решение", "price": "6789.33", "quantity": 9, "is_active": true}}, {"model": "mainapp.product", "pk": 9, "fields": {"category": 4, "name": "тоскана", "image_small": "products_images/product-9-sm.png", "image_big": "products_images/product-9.png", "short_desc": "эргономичная спинка", "description": "почувствуйте комфорт и насладитесь цветовой гаммой", "price": "7147.35", "quantity": 19, "is_active": true}}, {"model": "mainapp.product", "pk": 10, "fields": {"category": 4, "name": "рим", "image_small": "products_images/product-10-sm.png", "image_big": "products_images/product-10.png", "short_desc": "удачные пропорции", "description": "компактность и функциональность", "price": "8357.77", "quantity": 17, "is_active": true}}, {"model": "mainapp.product", "pk": 11, "fields": {"category": 1, "name": "люкс-2", "image_small": "products_images/product-11-sm.png", "image_big": "products_images/product-11.png", "short_desc": "использованы премиальные материалы", "description": "для тех, кто стремится к лучшему", "price": "8157.99", "quantity": 12, "is_active": true}}, {"model": "mainapp.product", "pk": 12, "fields": {"category": 2, "name": "премиум-2", "image_small": "products_images/product-12-sm.png", "image_big": "products_images/product-12.png", "short_desc": "улучшенный дизайн", "description": "идеально впишется в строгий интерьер офиса", "price": "3587.41", "quantity": 17, "is_active": true}}, {"model": "mainapp.product", "pk": 13, "fields": {"category": 3, "name": "прогресс-2", "image_small": "products_images/product-13-sm.png", "image_big": "products_images/product-13.png", "short_desc": "прогрессивный дизайн", "description": "функциональное и комфортное решение", "price": "6789.33", "quantity": 9, "is_active": true}}, {"model": "mainapp.product", "pk": 14, "fields": {"category": 4, "name": "тоскана-2", "image_small": "products_images/product-14-sm.png", "image_big": "products_images/product-14.png", "short_desc": "эргономичная спинка", "description": "почувствуйте комфорт и насладитесь цветовой гаммой", "price": "7147.35", "quantity": 17, "is_active": true}}, {"model": "authapp.shopuser", "pk": 1, "fields": {"password": "pbkdf2_sha256$216000$XWTkzkElPyEv$pMAc9IbIxaw0JbmvVBWQ+Y2b23/FJWdBi2Owt5hC3rU=", "last_login": "2020-11-11T20:30:28.964Z", "is_superuser": true, "username": "django", "first_name": "", "last_name": "", "email": "", "is_staff": true, "is_active": true, "date_joined": "2020-10-25T14:35:44.294Z", "avatar": "", "age": 33, "activation_key": "", "activation_key_expires": "2020-10-27T14:35:44.145Z", "groups": [], "user_permissions": []}}, {"model": "authapp.shopuser", "pk": 2, "fields": {"password": "pbkdf2_sha256$216000$BZjAvTlJvFPy$llHfPcctIcWyFsSKs633pjdM9+Ezo5dDVXomNPm7BP4=", "last_login": "2020-10-25T14:37:05.933Z", "is_superuser": false, "username": "sdfds", "first_name": "Sergey", "last_name": "", "email": "oleolegan2011@gmail.com", "is_staff": false, "is_active": true, "date_joined": "2020-10-25T14:36:37.785Z", "avatar": "", "age": 23, "activation_key": "d8a20d90cdb1251e842ead58bf362d1b3f3dd437", "activation_key_expires": "2020-10-27T14:35:00.782Z", "groups": [], "user_permissions": []}}, {"model": "authapp.shopuser", "pk": 3, "fields": {"password": "pbkdf2_sha256$216000$bkH6kfUaUo5t$UMcwzYed2rZXAce6aq5M5RiJ0DivnE8FyVsvC9H2/QA=", "last_login": "2020-10-25T14:38:57.472Z", "is_superuser": false, "username": "fgfg", "first_name": "Sergey", "last_name": "", "email": "1@12345.ru", "is_staff": false, "is_active": true, "date_joined": "2020-10-25T14:38:34.690Z", "avatar": "", "age": 23, "activation_key": "3b8fadab3c7860e9fa3e49c54628fa903ec9cbe6", "activation_key_expires": "2020-10-27T14:35:00.782Z", "groups": [], "user_permissions": []}}, {"model": "authapp.shopuser", "pk": 4, "fields": {"password": "pbkdf2_sha256$216000$L9E40e0tuwU9$LWL5SAXMRSNL45uuY1KmJTvfjPxqZDcq74UhuoA4VgU=", "last_login": "2020-10-25T15:08:37.155Z", "is_superuser": false, "username": "qwerty", "first_name": "Sergey", "last_name": "", "email": "123@87890-90-0.ru", "is_staff": false, "is_active": true, "date_joined": "2020-10-25T15:07:03.333Z", "avatar": "", "age": 34, "activation_key": "2c7ea98c57dc1ffff63306f965844091f2f0997d", "activation_key_expires": "2020-10-27T15:06:20.821Z", "groups": [], "user_permissions": []}}, {"model": "authapp.shopuser", "pk": 10, "fields": {"password": "!b5H8X4GsXfxjh0LYm82GOvV7Av1g9IgXf1enIMJO", "last_login": "2020-11-10T18:53:31.977Z", "is_superuser": false, "username": "id622214384", "first_name": "Сергей", "last_name": "Собакин", "email": "ssobakin@lifttech.ru", "is_staff": false, "is_active": true, "date_joined": "2020-11-10T09:35:55.768Z", "avatar": "", "age": 18, "activation_key": "", "activation_key_expires": "2020-11-12T09:23:59.482Z", "groups": [], "user_permissions": []}}, {"model": "authapp.shopuserprofile", "pk": 1, "fields": {"user": 1, "vk_id": "", "tagline": "", "aboutMe": "", "gender": ""}}, {"model": "authapp.shopuserprofile", "pk": 2, "fields": {"user": 2, "vk_id": "", "tagline": "", "aboutMe": "", "gender": ""}}, {"model": "authapp.shopuserprofile", "pk": 3, "fields": {"user": 3, "vk_id": "", "tagline": "", "aboutMe": "", "gender": ""}}, {"model": "authapp.shopuserprofile", "pk": 4, "fields": {"user": 4, "vk_id": "", "tagline": "", "aboutMe": "", "gender": ""}}, {"model": "authapp.shopuserprofile", "pk": 10, "fields": {"user": 10, "vk_id": "", "tagline": "", "aboutMe": "Тестовое заполнение для проверки работы api", "gender": "M"}}, {"model": "basketapp.basket", "pk": 1, "fields": {"user": 3, "product": 4, "quantity": 1, "add_datetime": "2020-10-25T14:48:54.601Z"}}, {"model": "basketapp.basket", "pk": 10, "fields": {"user": 10, "product": 1, "quantity": 3, "add_datetime": "2020-11-11T20:29:44.011Z"}}, {"model": "social_django.usersocialauth", "pk": 3, "fields": {"user": 10, "provider": "vk-oauth2", "uid": "622214384", "extra_data": "{\"auth_time\": 1605034411, \"id\": 622214384, \"expires\": 86400, \"access_token\": \"9d67a75adb68ed78f548ce1711a2b5a39ec80944dd595f5289506297cdf8416f1b8a406413f1389c33b22\", \"token_type\": null}", "created": "2020-11-10T09:35:56.158Z", "modified": "2020-11-10T18:53:31.952Z"}}, {"model": "ordersapp.order", "pk": 1, "fields": {"user": 10, "created": "2020-11-10T20:52:23.782Z", "updated": "2020-11-10T21:38:42.929Z", "status": "FM", "is_active": false}}, {"model": "ordersapp.order", "pk": 2, "fields": {"user": 10, "created": "2020-11-10T21:27:45.760Z", "updated": "2020-11-10T21:51:00.690Z", "status": "STP", "is_active": true}}, {"model": "ordersapp.order", "pk": 3, "fields": {"user": 10, "created": "2020-11-10T21:51:55.334Z", "updated": "2020-11-10T21:51:55.356Z", "status": "FM", "is_active": true}}, {"model": "ordersapp.order", "pk": 4, "fields": {"user": 10, "created": "2020-11-11T09:07:06.021Z", "updated": "2020-11-11T09:07:06.042Z", "status": "FM", "is_active": true}}, {"model": "ordersapp.order", "pk": 5, "fields": {"user": 1, "created": "2020-11-11T20:34:12.514Z", "updated": "2020-11-11T20:34:12.534Z", "status": "FM", "is_active": true}}, {"model": "ordersapp.order", "pk": 6, "fields": {"user": 1, "created": "2020-11-11T20:35:42.182Z", "updated": "2020-11-12T08:58:29.675Z", "status": "FM", "is_active": true}}, {"model": "ordersapp.order", "pk": 7, "fields": {"user": 1, "created": "2020-11-12T09:44:14.082Z", "updated": "2020-11-13T05:32:11.597Z", "status": "FM", "is_active": true}}, {"model": "ordersapp.orderitem", "pk": 1, "fields": {"order": 1, "product": 6, "quantity": 1}}, {"model": "ordersapp.orderitem", "pk": 2, "fields": {"order": 2, "product": 10, "quantity": 3}}, {"model": "ordersapp.orderitem", "pk": 3, "fields": {"order": 3, "product": 8, "quantity": 1}}, {"model": "ordersapp.orderitem", "pk": 4, "fields": {"order": 3, "product": 14, "quantity": 1}}, {"model": "ordersapp.orderitem", "pk": 5, "fields": {"order": 4, "product": 14, "quantity": 1}}, {"model": "ordersapp.orderitem", "pk": 6, "fields": {"order": 5, "product": 2, "quantity": 3}}, {"model": "ordersapp.orderitem", "pk": 7, "fields": {"order": 6, "product": 2, "quantity": 3}}, {"model": "ordersapp.orderitem", "pk": 8, "fields": {"order": 6, "product": 11, "quantity": 5}}, {"model": "ordersapp.orderitem", "pk": 9, "fields": {"order": 6, "product": 8, "quantity": 7}}, {"model": "ordersapp.orderitem", "pk": 10, "fields": {"order": 7, "product": 13, "quantity": 6}}, {"model": "ordersapp.orderitem", "pk": 11, "fields": {"order": 7, "product": 1, "quantity": 1}}]